-- Insert a default user
INSERT INTO Utilisateur (id, username, nom, prenom, email, role, is_active) 
VALUES ('c9925e07-aa3a-4ef4-9e3f-67f781ea32a6', 'admin', 'Dupont', 'Jean', 'admin@local.test', 'ADMIN', true);

INSERT INTO Utilisateur (id, username, nom, prenom, email, role, is_active) 
VALUES ('b6537c35-ae53-488f-9a1d-7bb3d7f9f3ab', 'martin', 'Martin', 'Sophie', 'martin@local.test', 'RESPONSABLE', true);

-- Insert risks
INSERT INTO Risque (id, libelle, description, probabilite, gravite, score, statut, proprietaire_id, date_creation) VALUES ('11111111-1111-1111-1111-000000000001', 'Cyberattaque Ransomware', 'Risque d''attaque par ransomware sur les serveurs principaux', 3, 3, 9, 'EN_COURS', 'c9925e07-aa3a-4ef4-9e3f-67f781ea32a6', CURRENT_TIMESTAMP);
INSERT INTO Risque (id, libelle, description, probabilite, gravite, score, statut, proprietaire_id, date_creation) VALUES ('11111111-1111-1111-1111-000000000002', 'Vol de données internes', 'Fuite de données causée par un employé', 2, 3, 6, 'CLOTURE', 'b6537c35-ae53-488f-9a1d-7bb3d7f9f3ab', CURRENT_TIMESTAMP);
INSERT INTO Risque (id, libelle, description, probabilite, gravite, score, statut, proprietaire_id, date_creation) VALUES ('11111111-1111-1111-1111-000000000003', 'Panne serveur', 'Interruption de service prolongée', 2, 2, 4, 'EN_COURS', 'c9925e07-aa3a-4ef4-9e3f-67f781ea32a6', CURRENT_TIMESTAMP);
INSERT INTO Risque (id, libelle, description, probabilite, gravite, score, statut, proprietaire_id, date_creation) VALUES ('11111111-1111-1111-1111-000000000004', 'Non-conformité RGPD', 'Traitement de données personnelles sans consentement explicite', 3, 4, 12, 'OUVERT', 'b6537c35-ae53-488f-9a1d-7bb3d7f9f3ab', CURRENT_TIMESTAMP);
INSERT INTO Risque (id, libelle, description, probabilite, gravite, score, statut, proprietaire_id, date_creation) VALUES ('11111111-1111-1111-1111-000000000005', 'Fuite de code source', 'Code source exposé sur le net publiquement', 2, 4, 8, 'EN_COURS', 'c9925e07-aa3a-4ef4-9e3f-67f781ea32a6', CURRENT_TIMESTAMP);
INSERT INTO Risque (id, libelle, description, probabilite, gravite, score, statut, proprietaire_id, date_creation) VALUES ('11111111-1111-1111-1111-000000000006', 'Défaillance fournisseur cloud', 'Panne chez AWS/GCP', 2, 5, 10, 'EN_COURS', 'b6537c35-ae53-488f-9a1d-7bb3d7f9f3ab', CURRENT_TIMESTAMP);
INSERT INTO Risque (id, libelle, description, probabilite, gravite, score, statut, proprietaire_id, date_creation) VALUES ('11111111-1111-1111-1111-000000000007', 'Perte de personnel clé', 'Démission d''experts vitaux sans successeurs', 3, 3, 9, 'OUVERT', 'c9925e07-aa3a-4ef4-9e3f-67f781ea32a6', CURRENT_TIMESTAMP);
INSERT INTO Risque (id, libelle, description, probabilite, gravite, score, statut, proprietaire_id, date_creation) VALUES ('11111111-1111-1111-1111-000000000008', 'Incendie datacenter', 'Destruction physique des serveurs locaux', 1, 5, 5, 'CLOTURE', 'b6537c35-ae53-488f-9a1d-7bb3d7f9f3ab', CURRENT_TIMESTAMP);
INSERT INTO Risque (id, libelle, description, probabilite, gravite, score, statut, proprietaire_id, date_creation) VALUES ('11111111-1111-1111-1111-000000000009', 'Modif non autorisée BDD', 'Violation d''intégrité financière', 3, 4, 12, 'EN_COURS', 'c9925e07-aa3a-4ef4-9e3f-67f781ea32a6', CURRENT_TIMESTAMP);
INSERT INTO Risque (id, libelle, description, probabilite, gravite, score, statut, proprietaire_id, date_creation) VALUES ('11111111-1111-1111-1111-000000000010', 'Vulnérabilité log4j', 'Faille potentielle zero-day', 4, 5, 20, 'CLOTURE', 'b6537c35-ae53-488f-9a1d-7bb3d7f9f3ab', CURRENT_TIMESTAMP);
INSERT INTO Risque (id, libelle, description, probabilite, gravite, score, statut, proprietaire_id, date_creation) VALUES ('11111111-1111-1111-1111-000000000011', 'Attaque DDoS', 'Saturation du réseau public', 4, 3, 12, 'EN_COURS', 'c9925e07-aa3a-4ef4-9e3f-67f781ea32a6', CURRENT_TIMESTAMP);
INSERT INTO Risque (id, libelle, description, probabilite, gravite, score, statut, proprietaire_id, date_creation) VALUES ('11111111-1111-1111-1111-000000000012', 'Intrusion physique', 'Accès aux locaux non autorisé repéré', 2, 3, 6, 'OUVERT', 'b6537c35-ae53-488f-9a1d-7bb3d7f9f3ab', CURRENT_TIMESTAMP);
INSERT INTO Risque (id, libelle, description, probabilite, gravite, score, statut, proprietaire_id, date_creation) VALUES ('11111111-1111-1111-1111-000000000013', 'Obsolescence matérielle', 'Serveurs en fin de vie', 4, 3, 12, 'EN_COURS', 'c9925e07-aa3a-4ef4-9e3f-67f781ea32a6', CURRENT_TIMESTAMP);
INSERT INTO Risque (id, libelle, description, probabilite, gravite, score, statut, proprietaire_id, date_creation) VALUES ('11111111-1111-1111-1111-000000000014', 'Non-respect PCI-DSS', 'Paiement non sécurisé en production', 2, 4, 8, 'EN_COURS', 'b6537c35-ae53-488f-9a1d-7bb3d7f9f3ab', CURRENT_TIMESTAMP);
INSERT INTO Risque (id, libelle, description, probabilite, gravite, score, statut, proprietaire_id, date_creation) VALUES ('11111111-1111-1111-1111-000000000015', 'Défaillance sauvegarde', 'Backups corrompus constatés', 2, 5, 10, 'EN_COURS', 'c9925e07-aa3a-4ef4-9e3f-67f781ea32a6', CURRENT_TIMESTAMP);
INSERT INTO Risque (id, libelle, description, probabilite, gravite, score, statut, proprietaire_id, date_creation) VALUES ('11111111-1111-1111-1111-000000000016', 'Interception communications', 'Écoute du trafic non chiffré', 2, 3, 6, 'OUVERT', 'b6537c35-ae53-488f-9a1d-7bb3d7f9f3ab', CURRENT_TIMESTAMP);
INSERT INTO Risque (id, libelle, description, probabilite, gravite, score, statut, proprietaire_id, date_creation) VALUES ('11111111-1111-1111-1111-000000000017', 'Utilisation de shadow IT', 'Outils non validés par DSI sur le réseau', 4, 2, 8, 'EN_COURS', 'c9925e07-aa3a-4ef4-9e3f-67f781ea32a6', CURRENT_TIMESTAMP);
INSERT INTO Risque (id, libelle, description, probabilite, gravite, score, statut, proprietaire_id, date_creation) VALUES ('11111111-1111-1111-1111-000000000018', 'Phishing massif', 'Campagne de hameçonnage email', 5, 3, 15, 'CLOTURE', 'b6537c35-ae53-488f-9a1d-7bb3d7f9f3ab', CURRENT_TIMESTAMP);
INSERT INTO Risque (id, libelle, description, probabilite, gravite, score, statut, proprietaire_id, date_creation) VALUES ('11111111-1111-1111-1111-000000000019', 'Usurpation d''identité', 'Vol de credentials utilisateur', 3, 4, 12, 'EN_COURS', 'c9925e07-aa3a-4ef4-9e3f-67f781ea32a6', CURRENT_TIMESTAMP);
INSERT INTO Risque (id, libelle, description, probabilite, gravite, score, statut, proprietaire_id, date_creation) VALUES ('11111111-1111-1111-1111-000000000020', 'Corruption de données', 'Bug applicatif altérant la base de Prod', 2, 4, 8, 'EN_COURS', 'b6537c35-ae53-488f-9a1d-7bb3d7f9f3ab', CURRENT_TIMESTAMP);

-- Insert action plans
INSERT INTO PlanAction (id, nom, description, date_debut, date_fin, taux_avancement, statut, responsable_id, risque_id) VALUES ('22222222-2222-2222-2222-000000000001', 'Audit Sécurité Q3', 'Inspection complète des systèmes et remédiations', '2023-01-01', '2025-12-31', 45, 'EN_COURS', 'b6537c35-ae53-488f-9a1d-7bb3d7f9f3ab', '11111111-1111-1111-1111-000000000001');
INSERT INTO PlanAction (id, nom, description, date_debut, date_fin, taux_avancement, statut, responsable_id, risque_id) VALUES ('22222222-2222-2222-2222-000000000002', 'Formation de sensibilisation', 'Formation obligatoire pour tous les employés', '2023-01-01', '2025-12-31', 100, 'TERMINE', 'c9925e07-aa3a-4ef4-9e3f-67f781ea32a6', '11111111-1111-1111-1111-000000000002');
INSERT INTO PlanAction (id, nom, description, date_debut, date_fin, taux_avancement, statut, responsable_id, risque_id) VALUES ('22222222-2222-2222-2222-000000000003', 'Migration Cloud Redondant', 'Déploiement des serveurs sur une infrastructure multi-zones', '2023-01-01', '2025-12-31', 10, 'EN_COURS', 'b6537c35-ae53-488f-9a1d-7bb3d7f9f3ab', '11111111-1111-1111-1111-000000000003');
INSERT INTO PlanAction (id, nom, description, date_debut, date_fin, taux_avancement, statut, responsable_id, risque_id) VALUES ('22222222-2222-2222-2222-000000000005', 'Plan Action 5', 'Plan d''action spécifique', '2023-01-01', '2025-12-31', 0, 'NON_COMMENCE', 'b6537c35-ae53-488f-9a1d-7bb3d7f9f3ab', '11111111-1111-1111-1111-000000000005');
INSERT INTO PlanAction (id, nom, description, date_debut, date_fin, taux_avancement, statut, responsable_id, risque_id) VALUES ('22222222-2222-2222-2222-000000000006', 'Plan Action 6', 'Plan d''action spécifique', '2023-01-01', '2025-12-31', 50, 'EN_COURS', 'c9925e07-aa3a-4ef4-9e3f-67f781ea32a6', '11111111-1111-1111-1111-000000000006');
INSERT INTO PlanAction (id, nom, description, date_debut, date_fin, taux_avancement, statut, responsable_id, risque_id) VALUES ('22222222-2222-2222-2222-000000000008', 'Plan Action 8', 'Plan d''action spécifique', '2023-01-01', '2025-12-31', 100, 'TERMINE', 'c9925e07-aa3a-4ef4-9e3f-67f781ea32a6', '11111111-1111-1111-1111-000000000008');
INSERT INTO PlanAction (id, nom, description, date_debut, date_fin, taux_avancement, statut, responsable_id, risque_id) VALUES ('22222222-2222-2222-2222-000000000009', 'Plan Action 9', 'Plan d''action spécifique', '2023-01-01', '2025-12-31', 75, 'EN_COURS', 'b6537c35-ae53-488f-9a1d-7bb3d7f9f3ab', '11111111-1111-1111-1111-000000000009');
INSERT INTO PlanAction (id, nom, description, date_debut, date_fin, taux_avancement, statut, responsable_id, risque_id) VALUES ('22222222-2222-2222-2222-000000000010', 'Plan Action 10', 'Plan d''action spécifique', '2023-01-01', '2025-12-31', 100, 'TERMINE', 'c9925e07-aa3a-4ef4-9e3f-67f781ea32a6', '11111111-1111-1111-1111-000000000010');
INSERT INTO PlanAction (id, nom, description, date_debut, date_fin, taux_avancement, statut, responsable_id, risque_id) VALUES ('22222222-2222-2222-2222-000000000011', 'Plan Action 11', 'Plan d''action spécifique', '2023-01-01', '2025-12-31', 20, 'EN_COURS', 'b6537c35-ae53-488f-9a1d-7bb3d7f9f3ab', '11111111-1111-1111-1111-000000000011');
INSERT INTO PlanAction (id, nom, description, date_debut, date_fin, taux_avancement, statut, responsable_id, risque_id) VALUES ('22222222-2222-2222-2222-000000000013', 'Plan Action 13', 'Plan d''action spécifique', '2023-01-01', '2025-12-31', 90, 'EN_COURS', 'b6537c35-ae53-488f-9a1d-7bb3d7f9f3ab', '11111111-1111-1111-1111-000000000013');
INSERT INTO PlanAction (id, nom, description, date_debut, date_fin, taux_avancement, statut, responsable_id, risque_id) VALUES ('22222222-2222-2222-2222-000000000014', 'Plan Action 14', 'Plan d''action spécifique', '2023-01-01', '2025-12-31', 30, 'EN_COURS', 'c9925e07-aa3a-4ef4-9e3f-67f781ea32a6', '11111111-1111-1111-1111-000000000014');
INSERT INTO PlanAction (id, nom, description, date_debut, date_fin, taux_avancement, statut, responsable_id, risque_id) VALUES ('22222222-2222-2222-2222-000000000015', 'Plan Action 15', 'Plan d''action spécifique', '2023-01-01', '2025-12-31', 80, 'EN_COURS', 'b6537c35-ae53-488f-9a1d-7bb3d7f9f3ab', '11111111-1111-1111-1111-000000000015');
INSERT INTO PlanAction (id, nom, description, date_debut, date_fin, taux_avancement, statut, responsable_id, risque_id) VALUES ('22222222-2222-2222-2222-000000000017', 'Plan Action 17', 'Plan d''action spécifique', '2023-01-01', '2025-12-31', 60, 'EN_COURS', 'b6537c35-ae53-488f-9a1d-7bb3d7f9f3ab', '11111111-1111-1111-1111-000000000017');
INSERT INTO PlanAction (id, nom, description, date_debut, date_fin, taux_avancement, statut, responsable_id, risque_id) VALUES ('22222222-2222-2222-2222-000000000018', 'Plan Action 18', 'Plan d''action spécifique', '2023-01-01', '2025-12-31', 100, 'TERMINE', 'c9925e07-aa3a-4ef4-9e3f-67f781ea32a6', '11111111-1111-1111-1111-000000000018');
INSERT INTO PlanAction (id, nom, description, date_debut, date_fin, taux_avancement, statut, responsable_id, risque_id) VALUES ('22222222-2222-2222-2222-000000000019', 'Plan Action 19', 'Plan d''action spécifique', '2023-01-01', '2025-12-31', 40, 'EN_COURS', 'b6537c35-ae53-488f-9a1d-7bb3d7f9f3ab', '11111111-1111-1111-1111-000000000019');
INSERT INTO PlanAction (id, nom, description, date_debut, date_fin, taux_avancement, statut, responsable_id, risque_id) VALUES ('22222222-2222-2222-2222-000000000020', 'Plan Action 20a', 'Plan d''action spécifique', '2023-01-01', '2025-12-31', 50, 'EN_COURS', 'c9925e07-aa3a-4ef4-9e3f-67f781ea32a6', '11111111-1111-1111-1111-000000000020');
INSERT INTO PlanAction (id, nom, description, date_debut, date_fin, taux_avancement, statut, responsable_id, risque_id) VALUES ('22222222-2222-2222-2222-100000000020', 'Plan Action 20b', 'Deuxième plan spécifique', '2023-01-01', '2023-12-31', 100, 'TERMINE', 'c9925e07-aa3a-4ef4-9e3f-67f781ea32a6', '11111111-1111-1111-1111-000000000020');